train_id,rolling_expiry,signalling_expiry,telecom_expiry
T001,2025-09-05,2025-08-17,2025-10-21
T002,2025-09-16,2025-09-13,2025-10-08
T003,2025-12-25,2026-01-01,2025-11-14
T004,2025-12-10,2025-11-14,2025-12-27
T005,2025-10-12,2025-09-13,2025-10-29
T006,2025-10-31,2025-11-23,2025-12-18
T007,2025-11-08,2025-09-25,2025-10-29
T008,2025-11-10,2025-10-04,2025-11-18
T009,2025-12-26,2025-12-15,2025-10-26
T010,2025-10-02,2025-12-25,2025-12-01
T011,2025-12-20,2025-10-20,2025-12-07
T012,2025-11-03,2025-09-15,2025-12-18
T013,2025-11-08,2025-12-19,2025-09-20
T014,2025-12-23,2025-10-09,2025-12-20
T015,2025-12-27,2025-11-01,2025-09-16
T016,2025-10-05,2025-09-20,2025-09-14
T017,2025-09-28,2025-10-30,2025-11-02
T018,2025-09-25,2025-12-04,2025-11-05
T019,2025-10-09,2025-10-26,2025-10-16
T020,2025-11-19,2025-12-13,2025-11-03
T021,2025-12-22,2025-09-30,2025-10-03
T022,2025-12-27,2025-11-20,2025-10-02
T023,2025-10-13,2025-11-27,2025-10-23
T024,2025-12-30,2025-11-18,2025-10-26
T025,2025-09-18,2025-10-27,2025-12-07
T026,2025-11-16,2025-12-10,2025-10-19
T027,2025-11-01,2025-11-19,2025-12-11
T028,2025-10-30,2025-11-06,2025-12-01
T029,2025-12-14,2025-11-22,2025-11-27
T030,2025-10-21,2025-11-25,2025-11-27
T031,2025-11-14,2025-11-19,2025-10-30
T032,2026-01-02,2025-11-28,2025-09-24
T033,2025-11-27,2025-11-20,2025-10-21
T034,2025-10-21,2025-09-24,2025-12-02
T035,2025-10-01,2025-11-06,2025-10-19
T036,2025-09-14,2025-11-17,2025-11-02
T037,2025-10-21,2025-11-08,2025-09-29
T038,2025-12-22,2025-09-13,2025-12-25
T039,2025-09-25,2025-10-06,2025-09-23
T040,2025-12-20,2025-10-21,2025-09-18
T041,2025-11-14,2025-12-21,2025-09-26
T042,2025-08-09,2025-12-20,2025-12-27
T043,2025-12-28,2026-01-02,2025-11-19
T044,2025-10-05,2025-11-12,2026-01-04
T045,2025-12-23,2025-10-20,2025-12-15
T046,2025-12-11,2025-10-18,2025-09-25
T047,2025-10-04,2025-09-30,2025-10-14
T048,2025-08-19,2025-08-16,2025-12-16
T049,2025-12-21,2025-11-01,2025-12-21
T050,2025-12-01,2025-11-15,2025-11-19
